id;title;content;date
1;Credit virtual;../fake-data/blob/hipster.txt;2021-05-31T15:40:28
2;challenge c optical;../fake-data/blob/hipster.txt;2021-05-31T20:21:54
3;Jewelery Russie Tunisie;../fake-data/blob/hipster.txt;2021-05-31T13:46:20
4;withdrawal;../fake-data/blob/hipster.txt;2021-06-01T00:45:11
5;users Unbranded;../fake-data/blob/hipster.txt;2021-05-31T14:58:23
6;a;../fake-data/blob/hipster.txt;2021-05-31T17:06:26
7;innovate e-tailers b;../fake-data/blob/hipster.txt;2021-06-01T01:35:20
8;Plastic Balboa c;../fake-data/blob/hipster.txt;2021-05-31T21:54:26
9;payment moratorium Manager;../fake-data/blob/hipster.txt;2021-06-01T03:17:23
10;real-time Rivoli;../fake-data/blob/hipster.txt;2021-05-31T23:33:12
